Date,Price,Open,High,Low,Volume,Chg%
"Dec 31, 2019",1.3261,1.3117,1.3285,1.3106,97.86K,1.11%
"Dec 30, 2019",1.3115,1.3067,1.3152,1.3066,100.82K,0.29%
"Dec 27, 2019",1.3077,1.2993,1.3118,1.2967,85.56K,0.65%
"Dec 26, 2019",1.2993,1.2961,1.3016,1.2951,99.65K,0.25%
"Dec 25, 2019",1.2961,1.2942,1.2989,1.2918,34.43K,0.12%
"Dec 24, 2019",1.2946,1.2936,1.2972,1.2912,108.05K,0.09%
"Dec 23, 2019",1.2935,1.2994,1.3034,1.2905,97.34K,-0.53%
"Dec 20, 2019",1.3004,1.301,1.3081,1.2978,105.25K,-0.04%
"Dec 19, 2019",1.3009,1.3079,1.3133,1.299,105.63K,-0.53%
"Dec 18, 2019",1.3078,1.3129,1.3136,1.3059,102.03K,-0.40%
"Dec 17, 2019",1.313,1.333,1.334,1.3099,97.52K,-1.51%
"Dec 16, 2019",1.3331,1.3336,1.3424,1.3321,106.33K,0.04%
"Dec 13, 2019",1.3326,1.3168,1.3516,1.3158,138.64K,1.23%
"Dec 12, 2019",1.3164,1.3202,1.3231,1.3052,123.19K,-0.23%
"Dec 11, 2019",1.3195,1.3157,1.3215,1.3106,100.27K,0.30%
"Dec 10, 2019",1.3156,1.3151,1.3217,1.3132,78.09K,0.08%
"Dec 09, 2019",1.3145,1.3138,1.3182,1.3117,88.94K,0.06%
"Dec 06, 2019",1.3137,1.3157,1.3167,1.31,97.98K,-0.15%
"Dec 05, 2019",1.3157,1.3105,1.3168,1.3102,98.16K,0.40%
"Dec 04, 2019",1.3104,1.2992,1.3121,1.2981,99.53K,0.85%
"Dec 03, 2019",1.2994,1.2938,1.3013,1.293,87.96K,0.44%
"Dec 02, 2019",1.2937,1.2917,1.2951,1.2895,93.88K,0.02%
"Nov 29, 2019",1.2934,1.2909,1.2948,1.2877,98.21K,0.16%
"Nov 28, 2019",1.2913,1.292,1.2952,1.2898,109.36K,-0.07%
"Nov 27, 2019",1.2922,1.2865,1.2923,1.2826,99.85K,0.43%
"Nov 26, 2019",1.2867,1.2899,1.2909,1.2836,101.37K,-0.25%
"Nov 25, 2019",1.2899,1.2851,1.2913,1.284,101.02K,0.52%
"Nov 22, 2019",1.2832,1.2914,1.2929,1.2824,103.61K,-0.63%
"Nov 21, 2019",1.2914,1.2924,1.2971,1.2893,106.12K,-0.08%
"Nov 20, 2019",1.2924,1.2924,1.2933,1.2886,97.08K,-0.02%
"Nov 19, 2019",1.2926,1.2956,1.2973,1.2912,92.52K,-0.22%
"Nov 18, 2019",1.2954,1.2905,1.2986,1.2901,92.76K,0.41%
"Nov 15, 2019",1.2901,1.2883,1.2921,1.2867,99.34K,0.16%
"Nov 14, 2019",1.2881,1.285,1.2889,1.2824,101.29K,0.23%
"Nov 13, 2019",1.2851,1.2848,1.2865,1.2822,81.52K,0.05%
"Nov 12, 2019",1.2845,1.2855,1.2874,1.2814,89.76K,-0.07%
"Nov 11, 2019",1.2854,1.2779,1.29,1.2779,85.39K,0.64%
"Nov 08, 2019",1.2772,1.2813,1.2826,1.2769,101.84K,-0.33%
"Nov 07, 2019",1.2814,1.2853,1.2878,1.2793,122.96K,-0.30%
"Nov 06, 2019",1.2852,1.2885,1.2899,1.2844,89.56K,-0.26%
"Nov 05, 2019",1.2885,1.2885,1.2919,1.286,104.16K,0.01%
"Nov 04, 2019",1.2884,1.2944,1.2948,1.2876,97.16K,-0.39%
"Nov 01, 2019",1.2935,1.2939,1.2974,1.2926,109.42K,-0.05%
"Oct 31, 2019",1.2942,1.2904,1.2977,1.2894,118.65K,0.30%
"Oct 30, 2019",1.2903,1.2869,1.2909,1.2845,101.52K,0.28%
"Oct 29, 2019",1.2867,1.2864,1.2906,1.2806,102.72K,0.02%
"Oct 28, 2019",1.2865,1.2827,1.2878,1.2812,92.63K,0.33%
"Oct 25, 2019",1.2823,1.285,1.2864,1.2804,106.00K,-0.23%
"Oct 24, 2019",1.2852,1.2912,1.2951,1.2788,123.12K,-0.51%
"Oct 23, 2019",1.2918,1.2872,1.2923,1.2841,121.75K,0.35%
"Oct 22, 2019",1.2873,1.2958,1.3,1.2861,116.04K,-0.67%
"Oct 21, 2019",1.296,1.2926,1.3014,1.2875,116.06K,-0.10%
"Oct 18, 2019",1.2973,1.289,1.2985,1.2837,130.77K,0.64%
"Oct 17, 2019",1.289,1.2832,1.299,1.275,143.31K,0.45%
"Oct 16, 2019",1.2832,1.2787,1.2877,1.2656,126.17K,0.34%
"Oct 15, 2019",1.2788,1.2609,1.28,1.2602,124.12K,1.43%
"Oct 14, 2019",1.2608,1.2625,1.2655,1.2515,115.08K,-0.32%
"Oct 11, 2019",1.2649,1.2441,1.2707,1.2407,133.18K,1.66%
"Oct 10, 2019",1.2443,1.2207,1.247,1.2205,121.67K,1.94%
"Oct 09, 2019",1.2206,1.2218,1.2292,1.2198,91.63K,-0.11%
"Oct 08, 2019",1.2219,1.229,1.2304,1.2195,98.38K,-0.59%
"Oct 07, 2019",1.2292,1.2327,1.2338,1.2287,72.24K,-0.33%
"Oct 04, 2019",1.2333,1.2332,1.2357,1.2275,103.82K,0.03%
"Oct 03, 2019",1.2329,1.2306,1.2414,1.2266,109.34K,0.22%
"Oct 02, 2019",1.2302,1.2307,1.2325,1.2227,104.44K,-0.01%
"Oct 01, 2019",1.2303,1.2287,1.2342,1.2207,111.70K,0.11%
"Sep 30, 2019",1.2289,1.229,1.2349,1.2275,99.22K,0.00%
"Sep 27, 2019",1.2289,1.2321,1.2337,1.227,113.81K,-0.28%
"Sep 26, 2019",1.2323,1.2355,1.2381,1.2302,119.13K,-0.23%
"Sep 25, 2019",1.2351,1.2484,1.25,1.2348,107.56K,-1.11%
"Sep 24, 2019",1.249,1.2429,1.2504,1.2414,110.21K,0.47%
"Sep 23, 2019",1.2431,1.2469,1.2492,1.2413,90.58K,-0.38%
"Sep 20, 2019",1.2479,1.2524,1.2583,1.2459,126.12K,-0.38%
"Sep 19, 2019",1.2526,1.2472,1.2561,1.2438,119.83K,0.43%
"Sep 18, 2019",1.2472,1.2504,1.2516,1.2441,115.04K,-0.24%
"Sep 17, 2019",1.2502,1.2437,1.2528,1.2391,117.37K,0.58%
"Sep 16, 2019",1.243,1.2502,1.2511,1.2399,119.26K,-0.58%
"Sep 13, 2019",1.2502,1.2335,1.2508,1.2327,124.31K,1.36%
"Sep 12, 2019",1.2334,1.2325,1.2368,1.2283,131.85K,0.05%
"Sep 11, 2019",1.2328,1.2348,1.2372,1.2312,112.46K,-0.16%
"Sep 10, 2019",1.2348,1.2347,1.2377,1.2307,111.66K,0.01%
"Sep 09, 2019",1.2347,1.2268,1.2384,1.2233,116.71K,0.53%
"Sep 06, 2019",1.2282,1.233,1.2344,1.2278,134.31K,-0.40%
"Sep 05, 2019",1.2331,1.2252,1.2355,1.221,146.15K,0.64%
"Sep 04, 2019",1.2252,1.2079,1.226,1.2076,131.54K,1.37%
"Sep 03, 2019",1.2086,1.2067,1.2107,1.1959,130.01K,0.15%
"Sep 02, 2019",1.2068,1.215,1.2176,1.2035,99.39K,-0.74%
"Aug 30, 2019",1.2158,1.2181,1.2226,1.2139,124.69K,-0.26%
"Aug 29, 2019",1.219,1.2211,1.2234,1.2172,126.04K,-0.17%
"Aug 28, 2019",1.2211,1.229,1.2293,1.2157,123.46K,-0.63%
"Aug 27, 2019",1.2289,1.2219,1.2309,1.2209,112.86K,0.59%
"Aug 26, 2019",1.2217,1.2265,1.2288,1.2208,112.34K,-0.50%
"Aug 23, 2019",1.2279,1.225,1.2294,1.2193,134.91K,0.22%
"Aug 22, 2019",1.2252,1.2129,1.2273,1.2108,120.68K,1.02%
"Aug 21, 2019",1.2128,1.217,1.2177,1.2111,117.18K,-0.35%
"Aug 20, 2019",1.217,1.2127,1.2183,1.2065,120.00K,0.35%
"Aug 19, 2019",1.2127,1.2149,1.2174,1.2104,105.82K,-0.19%
"Aug 16, 2019",1.215,1.2086,1.2176,1.2074,108.18K,0.53%
"Aug 15, 2019",1.2086,1.2062,1.2151,1.2049,114.79K,0.21%
"Aug 14, 2019",1.2061,1.2058,1.2102,1.2045,119.08K,0.01%
"Aug 13, 2019",1.206,1.2074,1.2099,1.2041,118.47K,-0.12%
"Aug 12, 2019",1.2075,1.2049,1.2107,1.2015,110.73K,0.32%
"Aug 09, 2019",1.2037,1.2127,1.2155,1.2025,111.65K,-0.78%
"Aug 08, 2019",1.2132,1.2142,1.2184,1.2094,118.71K,-0.08%
"Aug 07, 2019",1.2142,1.217,1.2192,1.2121,126.49K,-0.21%
"Aug 06, 2019",1.2168,1.2144,1.2211,1.2133,124.23K,0.21%
"Aug 05, 2019",1.2143,1.2144,1.219,1.2102,125.11K,-0.10%
"Aug 02, 2019",1.2155,1.2134,1.217,1.209,123.81K,0.18%
"Aug 01, 2019",1.2133,1.2154,1.2172,1.2079,130.43K,-0.21%
"Jul 31, 2019",1.2159,1.2154,1.2251,1.2135,120.39K,0.07%
"Jul 30, 2019",1.2151,1.2219,1.2229,1.2119,125.64K,-0.56%
"Jul 29, 2019",1.2219,1.2387,1.2389,1.2212,109.70K,-1.32%
"Jul 26, 2019",1.2383,1.2465,1.2465,1.2376,108.06K,-0.59%
"Jul 25, 2019",1.2456,1.2484,1.2519,1.2437,120.13K,-0.22%
"Jul 24, 2019",1.2483,1.2439,1.2524,1.2426,111.54K,0.36%
"Jul 23, 2019",1.2438,1.2473,1.2483,1.2418,115.70K,-0.30%
"Jul 22, 2019",1.2476,1.251,1.2523,1.2456,100.90K,-0.21%
"Jul 19, 2019",1.2502,1.255,1.2556,1.2476,110.90K,-0.37%
"Jul 18, 2019",1.2548,1.2432,1.2559,1.2425,121.18K,0.93%
"Jul 17, 2019",1.2432,1.2405,1.2457,1.2382,108.82K,0.20%
"Jul 16, 2019",1.2407,1.2517,1.2524,1.2398,112.27K,-0.87%
"Jul 15, 2019",1.2516,1.2573,1.2581,1.2509,104.23K,-0.47%
"Jul 12, 2019",1.2575,1.252,1.2581,1.2517,133.17K,0.43%
"Jul 11, 2019",1.2521,1.25,1.2573,1.2498,133.23K,0.16%
"Jul 10, 2019",1.2501,1.2468,1.2522,1.2444,119.79K,0.27%
"Jul 09, 2019",1.2467,1.2514,1.2525,1.244,111.88K,-0.36%
"Jul 08, 2019",1.2512,1.2518,1.2542,1.2499,101.88K,-0.10%
"Jul 05, 2019",1.2525,1.258,1.2589,1.2481,122.23K,-0.43%
"Jul 04, 2019",1.2579,1.2575,1.2594,1.2569,110.44K,0.05%
"Jul 03, 2019",1.2573,1.2592,1.2604,1.2557,112.54K,-0.16%
"Jul 02, 2019",1.2593,1.2642,1.2654,1.2584,118.66K,-0.37%
"Jul 01, 2019",1.264,1.2695,1.2709,1.2631,116.92K,-0.43%
"Jun 28, 2019",1.2695,1.2677,1.2735,1.2663,124.68K,0.15%
"Jun 27, 2019",1.2676,1.2687,1.2726,1.2662,122.46K,-0.11%
"Jun 26, 2019",1.269,1.27,1.2709,1.2663,123.09K,-0.07%
"Jun 25, 2019",1.2699,1.2743,1.2785,1.2671,112.49K,-0.32%
"Jun 24, 2019",1.274,1.2723,1.2768,1.2708,107.52K,-0.02%
"Jun 21, 2019",1.2742,1.2701,1.275,1.2642,137.02K,0.32%
"Jun 20, 2019",1.2701,1.2642,1.2729,1.2632,144.90K,0.47%
"Jun 19, 2019",1.2641,1.2558,1.2675,1.2543,113.50K,0.67%
"Jun 18, 2019",1.2557,1.2533,1.2566,1.2506,116.29K,0.18%
"Jun 17, 2019",1.2534,1.26,1.2607,1.2532,111.26K,-0.46%
"Jun 14, 2019",1.2592,1.2676,1.2684,1.258,140.08K,-0.65%
"Jun 13, 2019",1.2674,1.2691,1.271,1.2663,143.74K,-0.12%
"Jun 12, 2019",1.2689,1.2725,1.276,1.2682,144.63K,-0.28%
"Jun 11, 2019",1.2724,1.2686,1.2734,1.2669,142.29K,0.30%
"Jun 10, 2019",1.2686,1.2732,1.2749,1.2653,118.52K,-0.39%
"Jun 07, 2019",1.2736,1.2702,1.2764,1.2688,115.71K,0.28%
"Jun 06, 2019",1.27,1.2684,1.2743,1.2668,146.93K,0.11%
"Jun 05, 2019",1.2686,1.2697,1.2745,1.2679,145.52K,-0.09%
"Jun 04, 2019",1.2698,1.2665,1.2716,1.2642,153.60K,0.26%
"Jun 03, 2019",1.2665,1.2628,1.2675,1.2609,122.27K,0.26%
"May 31, 2019",1.2632,1.2608,1.2646,1.2558,163.95K,0.19%
"May 30, 2019",1.2608,1.2627,1.2641,1.258,142.64K,-0.16%
"May 29, 2019",1.2628,1.2654,1.2673,1.2612,150.97K,-0.20%
"May 28, 2019",1.2653,1.2678,1.2703,1.265,144.41K,-0.20%
"May 27, 2019",1.2678,1.2728,1.2756,1.2667,132.13K,-0.28%
"May 24, 2019",1.2713,1.2655,1.2733,1.2647,155.23K,0.45%
"May 23, 2019",1.2656,1.2663,1.2685,1.2605,152.56K,-0.05%
"May 22, 2019",1.2662,1.2705,1.272,1.2623,141.27K,-0.35%
"May 21, 2019",1.2707,1.2729,1.2814,1.2685,148.19K,-0.16%
"May 20, 2019",1.2727,1.272,1.2758,1.2714,109.70K,0.06%
"May 17, 2019",1.272,1.2797,1.2809,1.2713,125.78K,-0.60%
"May 16, 2019",1.2797,1.2843,1.2863,1.2787,126.66K,-0.42%
"May 15, 2019",1.2851,1.2909,1.2925,1.2827,138.60K,-0.43%
"May 14, 2019",1.2907,1.2957,1.2973,1.2904,133.33K,-0.39%
"May 13, 2019",1.2957,1.2999,1.3042,1.2941,125.00K,-0.33%
"May 10, 2019",1.3,1.3008,1.3049,1.2991,146.41K,-0.12%
"May 09, 2019",1.3015,1.3008,1.3037,1.2969,145.90K,0.05%
"May 08, 2019",1.3009,1.3077,1.3082,1.2988,145.53K,-0.50%
"May 07, 2019",1.3075,1.3096,1.3134,1.3038,152.93K,-0.17%
"May 06, 2019",1.3097,1.3114,1.3172,1.3081,130.13K,-0.58%
"May 03, 2019",1.3174,1.3034,1.3178,1.2991,135.47K,1.07%
"May 02, 2019",1.3035,1.305,1.3082,1.3017,128.73K,-0.11%
"May 01, 2019",1.305,1.3032,1.3101,1.3028,125.35K,0.12%
"Apr 30, 2019",1.3034,1.2939,1.3051,1.2925,145.39K,0.75%
"Apr 29, 2019",1.2937,1.2927,1.2948,1.2904,119.95K,0.14%
"Apr 26, 2019",1.2919,1.2899,1.2946,1.2876,186.04K,0.16%
"Apr 25, 2019",1.2899,1.29,1.2919,1.2865,178.29K,-0.02%
"Apr 24, 2019",1.2902,1.2938,1.2966,1.2889,180.82K,-0.28%
"Apr 23, 2019",1.2938,1.2981,1.3019,1.2927,164.01K,-0.36%
"Apr 22, 2019",1.2985,1.2996,1.3001,1.2975,127.51K,-0.06%
"Apr 19, 2019",1.2993,1.3001,1.3017,1.2985,165.76K,-0.04%
"Apr 18, 2019",1.2998,1.3042,1.3055,1.2979,173.71K,-0.37%
"Apr 17, 2019",1.3046,1.305,1.3071,1.303,155.44K,-0.02%
"Apr 16, 2019",1.3049,1.3102,1.3112,1.3041,165.11K,-0.38%
"Apr 15, 2019",1.3099,1.3077,1.3121,1.3066,136.46K,0.12%
"Apr 12, 2019",1.3083,1.3061,1.3135,1.3051,163.02K,0.21%
"Apr 11, 2019",1.3056,1.3092,1.311,1.3051,175.61K,-0.27%
"Apr 10, 2019",1.3092,1.3057,1.3122,1.3043,163.33K,0.23%
"Apr 09, 2019",1.3062,1.3066,1.3123,1.3031,159.75K,-0.02%
"Apr 08, 2019",1.3064,1.3036,1.3076,1.3021,133.52K,0.21%
"Apr 05, 2019",1.3037,1.3078,1.3123,1.2987,188.70K,-0.31%
"Apr 04, 2019",1.3078,1.316,1.3191,1.3059,191.07K,-0.63%
"Apr 03, 2019",1.3161,1.3128,1.3198,1.3121,203.85K,0.24%
"Apr 02, 2019",1.3129,1.3102,1.3151,1.3013,199.03K,0.21%
"Apr 01, 2019",1.3101,1.3038,1.3151,1.3009,154.18K,0.52%
"Mar 29, 2019",1.3033,1.3045,1.3136,1.2978,199.57K,-0.08%
"Mar 28, 2019",1.3044,1.3188,1.3216,1.3033,203.65K,-1.12%
"Mar 27, 2019",1.3192,1.3209,1.3272,1.3166,185.82K,-0.13%
"Mar 26, 2019",1.3209,1.3194,1.3263,1.3157,176.11K,0.04%
"Mar 25, 2019",1.3204,1.3208,1.3248,1.316,140.04K,-0.06%
"Mar 22, 2019",1.3212,1.3109,1.3225,1.3081,196.05K,0.79%
"Mar 21, 2019",1.3109,1.3196,1.323,1.3005,192.31K,-0.67%
"Mar 20, 2019",1.3197,1.3268,1.3281,1.3144,189.58K,-0.54%
"Mar 19, 2019",1.3269,1.3256,1.3312,1.324,175.20K,0.09%
"Mar 18, 2019",1.3257,1.3288,1.3303,1.3183,136.74K,-0.26%
"Mar 15, 2019",1.3291,1.324,1.3302,1.3202,199.54K,0.38%
"Mar 14, 2019",1.3241,1.3341,1.3341,1.3209,218.80K,-0.73%
"Mar 13, 2019",1.3339,1.3076,1.3385,1.3059,191.52K,2.02%
"Mar 12, 2019",1.3075,1.3149,1.329,1.3005,214.38K,-0.59%
"Mar 11, 2019",1.3153,1.3018,1.3172,1.2949,174.17K,1.04%
"Mar 08, 2019",1.3017,1.3086,1.3111,1.2991,171.63K,-0.52%
"Mar 07, 2019",1.3085,1.3169,1.3186,1.3067,169.53K,-0.65%
"Mar 06, 2019",1.317,1.3178,1.3182,1.3123,186.22K,-0.06%
"Mar 05, 2019",1.3178,1.3178,1.32,1.3099,175.89K,-0.08%
"Mar 04, 2019",1.3189,1.3236,1.3276,1.3167,160.52K,-0.11%
"Mar 01, 2019",1.3204,1.3262,1.3288,1.3172,196.05K,-0.44%
"Feb 28, 2019",1.3263,1.331,1.3326,1.3253,196.63K,-0.35%
"Feb 27, 2019",1.331,1.325,1.3351,1.3233,193.56K,0.45%
"Feb 26, 2019",1.3251,1.3088,1.3289,1.3088,179.34K,1.18%
"Feb 25, 2019",1.3097,1.3075,1.3115,1.3041,151.67K,0.33%
"Feb 22, 2019",1.3054,1.3045,1.3081,1.2968,162.35K,0.02%
"Feb 21, 2019",1.3052,1.3052,1.3096,1.3027,187.78K,0.01%
"Feb 20, 2019",1.3051,1.3061,1.311,1.3011,180.87K,-0.10%
"Feb 19, 2019",1.3064,1.2922,1.3075,1.2895,153.66K,1.08%
"Feb 18, 2019",1.2924,1.2893,1.2941,1.2892,136.78K,0.26%
"Feb 15, 2019",1.2891,1.2808,1.2899,1.2784,170.67K,0.61%
"Feb 14, 2019",1.2813,1.2846,1.2879,1.2772,160.35K,-0.26%
"Feb 13, 2019",1.2846,1.2893,1.2959,1.2845,164.21K,-0.36%
"Feb 12, 2019",1.2892,1.2859,1.2911,1.2832,174.29K,0.32%
"Feb 11, 2019",1.2851,1.295,1.2957,1.2845,133.53K,-0.75%
"Feb 08, 2019",1.2948,1.2953,1.2976,1.292,158.50K,-0.05%
"Feb 07, 2019",1.2955,1.2934,1.2997,1.2854,169.36K,0.16%
"Feb 06, 2019",1.2934,1.2949,1.2981,1.2925,187.91K,-0.08%
"Feb 05, 2019",1.2944,1.3039,1.3056,1.2924,173.42K,-0.71%
"Feb 04, 2019",1.3037,1.3085,1.3105,1.3029,135.28K,-0.37%
"Feb 01, 2019",1.3086,1.3108,1.3116,1.3043,166.69K,-0.12%
"Jan 31, 2019",1.3102,1.3116,1.3162,1.3098,176.67K,-0.11%
"Jan 30, 2019",1.3116,1.3064,1.3146,1.3052,185.24K,0.36%
"Jan 29, 2019",1.3069,1.3169,1.32,1.3057,182.43K,-0.72%
"Jan 28, 2019",1.3164,1.3195,1.3214,1.3137,155.99K,-0.30%
"Jan 25, 2019",1.3203,1.3065,1.3218,1.3055,189.37K,1.05%
"Jan 24, 2019",1.3066,1.3068,1.3096,1.3011,177.31K,-0.03%
"Jan 23, 2019",1.307,1.2958,1.3082,1.2942,180.17K,0.86%
"Jan 22, 2019",1.2958,1.289,1.2976,1.2854,179.60K,0.50%
"Jan 21, 2019",1.2893,1.2885,1.2913,1.2831,167.11K,0.14%
"Jan 18, 2019",1.2875,1.2986,1.2995,1.2856,174.26K,-0.86%
"Jan 17, 2019",1.2987,1.2886,1.3002,1.2833,188.37K,0.81%
"Jan 16, 2019",1.2883,1.286,1.2898,1.2825,0,0.18%
"Jan 15, 2019",1.286,1.2862,1.2917,1.2671,0,-0.04%
"Jan 14, 2019",1.2865,1.2849,1.2931,1.2817,0,0.17%
"Jan 11, 2019",1.2843,1.2757,1.2867,1.271,0,0.74%
"Jan 10, 2019",1.2749,1.2789,1.2803,1.2728,0,-0.32%
"Jan 09, 2019",1.279,1.2718,1.2806,1.2712,0,0.56%
"Jan 08, 2019",1.2719,1.278,1.2798,1.2707,10.74K,-0.48%
"Jan 07, 2019",1.278,1.273,1.2789,1.2717,10.31K,0.41%
"Jan 04, 2019",1.2728,1.2629,1.2746,1.2616,0.01K,0.75%
"Jan 03, 2019",1.2633,1.2606,1.2651,1.2438,11.72K,0.18%
"Jan 02, 2019",1.261,1.2743,1.2776,1.2582,9.81K,-1.11%
"Jan 01, 2019",1.2752,1.276,1.2764,1.2725,6.79K,-0.05%
"Dec 28, 2018",1.2707,1.2644,1.2712,1.2635,0,0.50%
"Dec 27, 2018",1.2644,1.2632,1.2676,1.2616,0,0.08%
"Dec 26, 2018",1.2634,1.2675,1.2721,1.2631,0,-0.42%
"Dec 25, 2018",1.2687,1.2726,1.273,1.2666,0,-0.29%
"Dec 24, 2018",1.2724,1.2652,1.2744,1.263,0,0.74%
"Dec 21, 2018",1.2631,1.2658,1.2698,1.2617,0,-0.21%
"Dec 20, 2018",1.2657,1.2611,1.2709,1.2609,0,0.37%
"Dec 19, 2018",1.261,1.2641,1.2681,1.2608,0,-0.29%
"Dec 18, 2018",1.2647,1.2625,1.2708,1.2611,0,0.16%
"Dec 17, 2018",1.2627,1.2591,1.2648,1.2569,0,0.34%
"Dec 14, 2018",1.2584,1.2655,1.2675,1.2528,0,-0.58%
"Dec 13, 2018",1.2657,1.2635,1.2688,1.2611,0,0.21%
"Dec 12, 2018",1.2631,1.2489,1.2673,1.2477,0,1.16%
"Dec 11, 2018",1.2486,1.2563,1.264,1.248,0,-0.60%
"Dec 10, 2018",1.2561,1.2729,1.276,1.2507,0,-1.32%
"Dec 07, 2018",1.2729,1.2785,1.2812,1.2711,0,-0.44%
"Dec 06, 2018",1.2785,1.2733,1.2812,1.27,0,0.41%
"Dec 05, 2018",1.2733,1.2725,1.2799,1.2671,0,0.10%
"Dec 04, 2018",1.272,1.2725,1.2841,1.2659,0,-0.03%
"Dec 03, 2018",1.2724,1.2769,1.2826,1.2699,0,-0.22%
"Nov 30, 2018",1.2752,1.2792,1.2811,1.2734,0,-0.33%
"Nov 29, 2018",1.2794,1.2825,1.2853,1.2755,0,-0.24%
"Nov 28, 2018",1.2825,1.2746,1.2848,1.2731,0,0.59%
"Nov 27, 2018",1.275,1.2835,1.2836,1.2726,0,-0.65%
"Nov 26, 2018",1.2834,1.2853,1.2865,1.2795,0,0.16%
"Nov 23, 2018",1.2814,1.2879,1.2884,1.2799,0,-0.50%
"Nov 22, 2018",1.2878,1.2776,1.2928,1.2769,0,0.79%
"Nov 21, 2018",1.2777,1.2789,1.2821,1.2764,0,-0.09%
"Nov 20, 2018",1.2788,1.2851,1.2884,1.2776,0,-0.49%
"Nov 19, 2018",1.2851,1.2829,1.2885,1.2795,0,0.09%
"Nov 16, 2018",1.2839,1.2772,1.2879,1.2758,0,0.49%
"Nov 15, 2018",1.2776,1.2991,1.3031,1.2724,0,-1.69%
"Nov 14, 2018",1.2996,1.2979,1.3074,1.2886,0,0.17%
"Nov 13, 2018",1.2974,1.2849,1.305,1.284,0,0.97%
"Nov 12, 2018",1.2849,1.296,1.2967,1.2827,0,-0.98%
"Nov 09, 2018",1.2976,1.3062,1.3081,1.2958,0,-0.65%
"Nov 08, 2018",1.3061,1.3126,1.315,1.3043,0,-0.50%
"Nov 07, 2018",1.3126,1.3102,1.3176,1.3073,0,0.21%
"Nov 06, 2018",1.3098,1.304,1.3109,1.302,0,0.43%
"Nov 05, 2018",1.3042,1.3025,1.3064,1.2965,0,0.53%
"Nov 02, 2018",1.2973,1.3012,1.3042,1.2951,0,-0.29%
"Nov 01, 2018",1.3011,1.2769,1.3036,1.2759,0,1.92%
"Oct 31, 2018",1.2766,1.2705,1.2831,1.2697,0,0.46%
"Oct 30, 2018",1.2707,1.2793,1.2814,1.2696,0,-0.67%
"Oct 29, 2018",1.2793,1.2829,1.2854,1.2792,0,-0.31%
"Oct 26, 2018",1.2833,1.2817,1.2844,1.2777,0,0.12%
"Oct 25, 2018",1.2817,1.2883,1.2921,1.2798,0,-0.50%
"Oct 24, 2018",1.2881,1.2982,1.2993,1.2866,0,-0.79%
"Oct 23, 2018",1.2983,1.2964,1.3045,1.2936,0,0.16%
"Oct 22, 2018",1.2962,1.3069,1.3092,1.2954,0,-0.84%
"Oct 19, 2018",1.3072,1.3017,1.3104,1.3011,0,0.41%
"Oct 18, 2018",1.3018,1.3113,1.3132,1.3015,0,-0.74%
"Oct 17, 2018",1.3115,1.3183,1.3194,1.31,0,-0.55%
"Oct 16, 2018",1.3187,1.3153,1.3237,1.3141,0,0.26%
"Oct 15, 2018",1.3153,1.314,1.3183,1.3079,0,-0.02%
"Oct 12, 2018",1.3155,1.3225,1.3259,1.3149,0,-0.61%
"Oct 11, 2018",1.3236,1.3196,1.3249,1.3182,0,0.30%
"Oct 10, 2018",1.3196,1.3143,1.3217,1.3134,0,0.40%
"Oct 09, 2018",1.3144,1.3091,1.3152,1.3032,0,0.41%
"Oct 08, 2018",1.309,1.3108,1.3136,1.3028,0,-0.25%
"Oct 05, 2018",1.3123,1.3019,1.3126,1.3002,0,0.79%
"Oct 04, 2018",1.302,1.2941,1.3042,1.2921,0,0.62%
"Oct 03, 2018",1.294,1.2979,1.3024,1.2924,0,-0.30%
"Oct 02, 2018",1.2979,1.3044,1.3057,1.294,0,-0.49%
"Oct 01, 2018",1.3043,1.3031,1.3112,1.3011,0,0.09%
"Sep 28, 2018",1.3031,1.3081,1.3093,1.3,0,-0.39%
"Sep 27, 2018",1.3082,1.3168,1.3188,1.3075,0,-0.67%
"Sep 26, 2018",1.317,1.3185,1.3219,1.3138,0,-0.10%
"Sep 25, 2018",1.3183,1.3121,1.3195,1.3094,0,0.47%
"Sep 24, 2018",1.3121,1.3069,1.3169,1.3055,0,0.34%
"Sep 21, 2018",1.3077,1.3268,1.3278,1.3054,0,-1.43%
"Sep 20, 2018",1.3267,1.3144,1.3299,1.3135,0,0.94%
"Sep 19, 2018",1.3144,1.315,1.3216,1.3095,0,-0.04%
"Sep 18, 2018",1.3149,1.3158,1.3174,1.3118,0,-0.07%
"Sep 17, 2018",1.3158,1.3069,1.3168,1.3069,0,0.69%
"Sep 14, 2018",1.3068,1.3107,1.3143,1.3055,0,-0.30%
"Sep 13, 2018",1.3107,1.3047,1.3123,1.3026,0,0.45%
"Sep 12, 2018",1.3048,1.3033,1.3081,1.298,0,0.10%
"Sep 11, 2018",1.3035,1.3027,1.3089,1.297,0,0.06%
"Sep 10, 2018",1.3027,1.2935,1.3053,1.2896,0,0.80%
"Sep 07, 2018",1.2924,1.2933,1.3031,1.291,0,-0.06%
"Sep 06, 2018",1.2932,1.2905,1.2963,1.2895,0,0.22%
"Sep 05, 2018",1.2904,1.2854,1.2984,1.2785,0,0.37%
"Sep 04, 2018",1.2856,1.2867,1.2884,1.2811,0,-0.12%
"Sep 03, 2018",1.2872,1.2971,1.2971,1.2854,0,-0.70%
"Aug 31, 2018",1.2963,1.3014,1.3031,1.2947,0,-0.36%
"Aug 30, 2018",1.301,1.3027,1.3045,1.2985,0,-0.13%
"Aug 29, 2018",1.3027,1.2876,1.3034,1.2846,0,1.16%
"Aug 28, 2018",1.2877,1.2893,1.2933,1.2861,0,-0.12%
"Aug 27, 2018",1.2893,1.284,1.2903,1.2829,0,0.37%
"Aug 24, 2018",1.2845,1.2815,1.2883,1.2799,0,0.26%
"Aug 23, 2018",1.2812,1.2912,1.292,1.2804,0,-0.77%
"Aug 22, 2018",1.2911,1.2905,1.2938,1.2868,0,0.08%
"Aug 21, 2018",1.2901,1.2796,1.2928,1.2793,0,0.80%
"Aug 20, 2018",1.2798,1.274,1.2801,1.273,0,0.36%
"Aug 17, 2018",1.2752,1.2716,1.2755,1.2698,0,0.26%
"Aug 16, 2018",1.2719,1.2696,1.2756,1.2687,0,0.17%
"Aug 15, 2018",1.2698,1.2727,1.2742,1.2662,0,-0.21%
"Aug 14, 2018",1.2725,1.2771,1.2827,1.2704,0,-0.34%
"Aug 13, 2018",1.2768,1.2768,1.2793,1.2729,0,-0.01%
"Aug 10, 2018",1.2769,1.2824,1.2838,1.2723,0,-0.43%
"Aug 09, 2018",1.2824,1.2881,1.2913,1.282,0,-0.44%
"Aug 08, 2018",1.2881,1.2938,1.2963,1.2853,0,-0.45%
"Aug 07, 2018",1.2939,1.2943,1.2975,1.2925,0,-0.03%
"Aug 06, 2018",1.2943,1.3012,1.3019,1.2919,0,-0.50%
"Aug 03, 2018",1.3008,1.3019,1.3045,1.2975,0,-0.08%
"Aug 02, 2018",1.3018,1.3124,1.3131,1.3014,0,-0.82%
"Aug 01, 2018",1.3126,1.3127,1.3146,1.3095,0,-0.01%
"Jul 31, 2018",1.3127,1.3134,1.3175,1.3091,0,-0.05%
"Jul 30, 2018",1.3133,1.3095,1.3154,1.3093,0,0.22%
"Jul 27, 2018",1.3104,1.3109,1.3133,1.3081,0,-0.04%
"Jul 26, 2018",1.3109,1.3191,1.3215,1.3105,0,-0.61%
"Jul 25, 2018",1.3189,1.3144,1.3202,1.3132,0,0.33%
"Jul 24, 2018",1.3145,1.3101,1.3161,1.3071,0,0.33%
"Jul 23, 2018",1.3102,1.3122,1.3159,1.3081,0,-0.24%
"Jul 20, 2018",1.3134,1.3014,1.3141,1.2994,0,0.92%
"Jul 19, 2018",1.3014,1.3069,1.3085,1.2957,0,-0.42%
"Jul 18, 2018",1.3069,1.3114,1.3124,1.3009,0,-0.35%
"Jul 17, 2018",1.3115,1.3236,1.3271,1.3072,0,-0.91%
"Jul 16, 2018",1.3236,1.323,1.3295,1.3216,0,0.01%
"Jul 13, 2018",1.3235,1.3207,1.3241,1.3103,0,0.22%
"Jul 12, 2018",1.3206,1.3205,1.3246,1.318,0,0.01%
"Jul 11, 2018",1.3205,1.3278,1.3288,1.3199,0,-0.53%
"Jul 10, 2018",1.3276,1.326,1.3302,1.3224,0,0.13%
"Jul 09, 2018",1.3259,1.3304,1.3364,1.319,0,-0.20%
"Jul 06, 2018",1.3285,1.3228,1.3293,1.3203,0,0.44%
"Jul 05, 2018",1.3227,1.323,1.3276,1.3203,0,-0.05%
"Jul 04, 2018",1.3233,1.3196,1.3252,1.3171,0,0.30%
"Jul 03, 2018",1.3193,1.3143,1.3208,1.3115,0,0.38%
"Jul 02, 2018",1.3143,1.3182,1.3211,1.3094,0,-0.50%
"Jun 29, 2018",1.3209,1.3077,1.3215,1.3068,0,1.00%
"Jun 28, 2018",1.3078,1.3114,1.3123,1.305,0,-0.27%
"Jun 27, 2018",1.3113,1.3229,1.3245,1.3107,0,-0.87%
"Jun 26, 2018",1.3228,1.3284,1.3294,1.3192,0,-0.37%
"Jun 25, 2018",1.3277,1.3276,1.3292,1.3222,0,0.05%
"Jun 22, 2018",1.327,1.3252,1.3316,1.3236,0,0.14%
"Jun 21, 2018",1.3252,1.3176,1.3271,1.3101,0,0.60%
"Jun 20, 2018",1.3173,1.3174,1.3217,1.3148,0,-0.05%
"Jun 19, 2018",1.318,1.3244,1.3275,1.315,0,-0.48%
"Jun 18, 2018",1.3244,1.3262,1.3287,1.3225,0,-0.31%
"Jun 15, 2018",1.3285,1.3262,1.3299,1.3212,0,0.17%
"Jun 14, 2018",1.3262,1.3375,1.3447,1.3256,0,-0.85%
"Jun 13, 2018",1.3376,1.3373,1.3392,1.3308,0,0.03%
"Jun 12, 2018",1.3372,1.3382,1.3426,1.3342,0,-0.02%
"Jun 11, 2018",1.3375,1.3404,1.3443,1.3345,0,-0.28%
"Jun 08, 2018",1.3412,1.3421,1.3439,1.3354,0,-0.07%
"Jun 07, 2018",1.3422,1.3413,1.3474,1.3374,0,0.07%
"Jun 06, 2018",1.3413,1.3396,1.3445,1.3383,0,0.12%
"Jun 05, 2018",1.3397,1.3314,1.3412,1.3302,0,0.63%
"Jun 04, 2018",1.3313,1.3337,1.34,1.3294,0,-0.26%
"Jun 01, 2018",1.3348,1.3299,1.3363,1.3252,0,0.36%
"May 31, 2018",1.33,1.329,1.335,1.3277,0,0.06%
"May 30, 2018",1.3292,1.3251,1.331,1.3242,0,0.29%
"May 29, 2018",1.3254,1.3312,1.3328,1.3205,0,-0.45%
"May 28, 2018",1.3314,1.3308,1.3342,1.3296,0,0.04%
"May 25, 2018",1.3309,1.338,1.3393,1.3294,0,-0.54%
"May 24, 2018",1.3381,1.3346,1.3423,1.3339,0,0.24%
"May 23, 2018",1.3349,1.3437,1.3444,1.3305,0,-0.65%
"May 22, 2018",1.3436,1.3431,1.3493,1.3412,0,0.04%
"May 21, 2018",1.3431,1.3473,1.3485,1.3392,0,-0.32%
"May 18, 2018",1.3474,1.3518,1.3531,1.3455,0,-0.32%
"May 17, 2018",1.3517,1.3489,1.3571,1.3473,0,0.22%
"May 16, 2018",1.3488,1.3506,1.3523,1.3456,0,-0.13%
"May 15, 2018",1.3506,1.3558,1.3575,1.3452,0,-0.37%
"May 14, 2018",1.3556,1.3547,1.361,1.3538,0,0.10%
"May 11, 2018",1.3543,1.352,1.3598,1.3502,0,0.19%
"May 10, 2018",1.3517,1.3544,1.3618,1.3458,0,-0.21%
"May 09, 2018",1.3546,1.3546,1.3608,1.3498,0,0.00%
"May 08, 2018",1.3546,1.3557,1.3593,1.3484,0,-0.08%
"May 07, 2018",1.3557,1.3536,1.3577,1.3515,0,0.18%
"May 04, 2018",1.3533,1.3577,1.3588,1.3487,0,-0.32%
"May 03, 2018",1.3576,1.358,1.3631,1.3537,0,-0.01%
"May 02, 2018",1.3578,1.3614,1.3668,1.3554,0,-0.26%
"May 01, 2018",1.3614,1.3762,1.3776,1.3589,0,-1.15%
"Apr 30, 2018",1.3772,1.3787,1.3795,1.3714,0,-0.06%
"Apr 27, 2018",1.378,1.392,1.3937,1.3747,0,-0.98%
"Apr 26, 2018",1.3916,1.3933,1.3999,1.3895,0,-0.11%
"Apr 25, 2018",1.3931,1.3979,1.3998,1.3923,0,-0.33%
"Apr 24, 2018",1.3977,1.394,1.3989,1.3918,0,0.26%
"Apr 23, 2018",1.3941,1.402,1.4033,1.3926,0,-0.45%
"Apr 20, 2018",1.4004,1.4086,1.4092,1.3994,0,-0.62%
"Apr 19, 2018",1.4091,1.4202,1.4246,1.4068,0,-0.79%
"Apr 18, 2018",1.4203,1.4288,1.4316,1.4173,0,-0.59%
"Apr 17, 2018",1.4288,1.4336,1.4378,1.4282,0,-0.35%
"Apr 16, 2018",1.4338,1.4254,1.4347,1.4227,0,0.68%
"Apr 13, 2018",1.4241,1.4226,1.4298,1.422,0,0.10%
"Apr 12, 2018",1.4227,1.4178,1.4248,1.4145,0,0.34%
"Apr 11, 2018",1.4179,1.4177,1.4224,1.4161,0,0.03%
"Apr 10, 2018",1.4175,1.4131,1.4191,1.4121,0,0.31%
"Apr 09, 2018",1.4131,1.4098,1.4166,1.4077,0,0.28%
"Apr 06, 2018",1.4092,1.4003,1.4106,1.3982,0,0.64%
"Apr 05, 2018",1.4003,1.4079,1.41,1.3965,0,-0.56%
"Apr 04, 2018",1.4082,1.4059,1.4098,1.4014,0,0.16%
"Apr 03, 2018",1.4059,1.4045,1.4091,1.4021,0,0.10%
"Apr 02, 2018",1.4045,1.4026,1.408,1.402,0,0.19%
"Mar 30, 2018",1.4018,1.4018,1.4062,1.4009,0,0.01%
"Mar 29, 2018",1.4017,1.4077,1.4098,1.401,0,-0.43%
"Mar 28, 2018",1.4078,1.4154,1.4202,1.4069,0,-0.56%
"Mar 27, 2018",1.4157,1.4231,1.4246,1.4067,0,-0.50%
"Mar 26, 2018",1.4228,1.4142,1.4246,1.4132,0,0.67%
"Mar 23, 2018",1.4134,1.4096,1.4172,1.4084,0,0.27%
"Mar 22, 2018",1.4096,1.4141,1.4218,1.4076,0,-0.33%
"Mar 21, 2018",1.4142,1.3998,1.4152,1.3997,0,1.03%
"Mar 20, 2018",1.3998,1.4024,1.4067,1.3981,0,-0.19%
"Mar 19, 2018",1.4024,1.3931,1.4088,1.3911,0,0.60%
"Mar 16, 2018",1.3941,1.3936,1.3981,1.3886,0,0.02%
"Mar 15, 2018",1.3938,1.3962,1.3989,1.3921,0,-0.16%
"Mar 14, 2018",1.3961,1.3961,1.3998,1.3926,0,-0.01%
"Mar 13, 2018",1.3962,1.3906,1.3997,1.3876,0,0.41%
"Mar 12, 2018",1.3905,1.3852,1.3918,1.3839,0,0.40%
"Mar 09, 2018",1.3849,1.3811,1.389,1.3788,0,0.27%
"Mar 08, 2018",1.3812,1.39,1.3911,1.3782,0,-0.64%
"Mar 07, 2018",1.3901,1.3887,1.3915,1.3846,0,0.10%
"Mar 06, 2018",1.3887,1.385,1.3932,1.3817,0,0.27%
"Mar 05, 2018",1.3849,1.3797,1.3877,1.3766,0,0.32%
"Mar 02, 2018",1.3805,1.3777,1.3819,1.3757,0,0.21%
"Mar 01, 2018",1.3776,1.3762,1.3786,1.3712,0,0.12%
"Feb 28, 2018",1.376,1.3907,1.3916,1.3756,0,-1.07%
"Feb 27, 2018",1.3909,1.3967,1.3999,1.3858,0,-0.42%
"Feb 26, 2018",1.3967,1.3974,1.4071,1.3928,0,0.00%
"Feb 23, 2018",1.3967,1.3962,1.4007,1.3905,0,0.08%
"Feb 22, 2018",1.3956,1.3919,1.3988,1.3857,0,0.27%
"Feb 21, 2018",1.3918,1.3996,1.4009,1.3905,0,-0.56%
"Feb 20, 2018",1.3996,1.4005,1.4026,1.3931,0,-0.06%
"Feb 19, 2018",1.4005,1.4034,1.4051,1.3958,0,-0.26%
"Feb 16, 2018",1.4042,1.41,1.4146,1.3998,0,-0.40%
"Feb 15, 2018",1.4099,1.4002,1.4105,1.399,0,0.72%
"Feb 14, 2018",1.3998,1.3894,1.4018,1.3799,0,0.76%
"Feb 13, 2018",1.3892,1.3837,1.3925,1.3832,0,0.39%
"Feb 12, 2018",1.3838,1.3827,1.3878,1.3797,0,0.00%
"Feb 09, 2018",1.3838,1.3914,1.3989,1.3765,0,-0.55%
"Feb 08, 2018",1.3914,1.3879,1.4067,1.3846,0,0.23%
"Feb 07, 2018",1.3882,1.3949,1.3994,1.3848,0,-0.47%
"Feb 06, 2018",1.3948,1.396,1.4001,1.3836,0,-0.08%
"Feb 05, 2018",1.3959,1.413,1.4151,1.3955,0,-1.16%
"Feb 02, 2018",1.4123,1.4264,1.428,1.4102,0,-1.00%
"Feb 01, 2018",1.4265,1.4191,1.4278,1.4158,0,0.51%
"Jan 31, 2018",1.4192,1.4148,1.4234,1.4121,0,0.33%
"Jan 30, 2018",1.4146,1.4074,1.4166,1.3979,0,0.50%
"Jan 29, 2018",1.4075,1.4163,1.4163,1.4026,0,-0.67%
"Jan 26, 2018",1.417,1.4147,1.4287,1.4109,0,0.17%
"Jan 25, 2018",1.4146,1.4244,1.4345,1.4083,0,-0.68%
"Jan 24, 2018",1.4243,1.3999,1.4263,1.3997,0,1.73%
"Jan 23, 2018",1.4001,1.3989,1.4028,1.3916,0,0.10%
"Jan 22, 2018",1.3987,1.3881,1.3993,1.3858,0,0.97%
"Jan 19, 2018",1.3852,1.3897,1.3947,1.384,0,-0.30%
"Jan 18, 2018",1.3893,1.3831,1.3914,1.3805,0,0.48%
"Jan 17, 2018",1.3827,1.3791,1.3944,1.3757,0,0.25%
"Jan 16, 2018",1.3793,1.3791,1.3806,1.374,0,0.01%
"Jan 15, 2018",1.3792,1.3731,1.3822,1.3723,0,0.46%
"Jan 12, 2018",1.3729,1.3538,1.3743,1.3535,0,1.41%
"Jan 11, 2018",1.3538,1.3506,1.3556,1.3457,0,0.23%
"Jan 10, 2018",1.3507,1.3541,1.3564,1.3482,0,-0.24%
"Jan 09, 2018",1.354,1.357,1.3583,1.3506,0,-0.21%
"Jan 08, 2018",1.3568,1.3572,1.3587,1.3523,0,-0.02%
"Jan 05, 2018",1.3571,1.3552,1.3583,1.3523,0,0.13%
"Jan 04, 2018",1.3553,1.3515,1.3562,1.3505,0,0.27%
"Jan 03, 2018",1.3516,1.3588,1.3614,1.3497,0,-0.53%
"Jan 02, 2018",1.3588,1.3507,1.3602,1.35,0,0.63%
"Jan 01, 2018",1.3503,1.3515,1.3522,1.3494,0,-0.09%
"Dec 29, 2017",1.3515,1.3444,1.3545,1.3428,0,0.54%
"Dec 28, 2017",1.3443,1.3397,1.3458,1.3392,0,0.34%
"Dec 27, 2017",1.3397,1.3375,1.3431,1.3368,0,0.17%
"Dec 26, 2017",1.3374,1.3371,1.3391,1.3347,0,0.04%
"Dec 25, 2017",1.3369,1.3357,1.3396,1.3355,0,0.05%
"Dec 22, 2017",1.3362,1.3386,1.3399,1.3349,0,-0.17%
"Dec 21, 2017",1.3385,1.3376,1.3389,1.3331,0,0.07%
"Dec 20, 2017",1.3376,1.3386,1.3422,1.3372,0,-0.07%
"Dec 19, 2017",1.3385,1.3382,1.3403,1.3332,0,0.02%
"Dec 18, 2017",1.3382,1.3328,1.342,1.331,0,0.46%
"Dec 15, 2017",1.3321,1.3431,1.345,1.3302,0,-0.83%
"Dec 14, 2017",1.3432,1.3418,1.3463,1.339,0,0.09%
"Dec 13, 2017",1.342,1.3317,1.3422,1.3311,0,0.77%
"Dec 12, 2017",1.3317,1.3339,1.3381,1.3304,0,-0.16%
"Dec 11, 2017",1.3339,1.3392,1.3432,1.3331,0,-0.40%
"Dec 08, 2017",1.3392,1.3477,1.3521,1.3355,0,-0.61%
"Dec 07, 2017",1.3474,1.3391,1.3485,1.3319,0,0.60%
"Dec 06, 2017",1.3394,1.3442,1.3449,1.3357,0,-0.36%
"Dec 05, 2017",1.3443,1.3479,1.3483,1.337,0,-0.27%
"Dec 04, 2017",1.3479,1.3479,1.3539,1.3417,0,0.04%
"Dec 01, 2017",1.3473,1.3525,1.3552,1.3445,0,-0.39%
"Nov 30, 2017",1.3526,1.341,1.355,1.3405,0,0.87%
"Nov 29, 2017",1.3409,1.334,1.345,1.3339,0,0.53%
"Nov 28, 2017",1.3338,1.3312,1.3388,1.3221,0,0.15%
"Nov 27, 2017",1.3318,1.3337,1.3384,1.331,0,-0.14%
"Nov 24, 2017",1.3337,1.3309,1.3361,1.3279,0,0.20%
"Nov 23, 2017",1.331,1.3325,1.3338,1.3284,0,-0.12%
"Nov 22, 2017",1.3326,1.3239,1.3332,1.3214,0,0.66%
"Nov 21, 2017",1.3239,1.3236,1.327,1.3211,0,0.03%
"Nov 20, 2017",1.3235,1.3217,1.328,1.3184,0,0.16%
"Nov 17, 2017",1.3214,1.3196,1.3261,1.317,0,0.14%
"Nov 16, 2017",1.3195,1.3171,1.3209,1.3135,0,0.18%
"Nov 15, 2017",1.3171,1.3167,1.3216,1.3131,0,0.05%
"Nov 14, 2017",1.3165,1.3116,1.3188,1.3075,0,0.37%
"Nov 13, 2017",1.3116,1.3183,1.3198,1.3062,0,-0.57%
"Nov 10, 2017",1.3191,1.3148,1.3232,1.3113,0,0.30%
"Nov 09, 2017",1.3151,1.3115,1.3167,1.3086,0,0.27%
"Nov 08, 2017",1.3116,1.3167,1.3178,1.3087,0,-0.39%
"Nov 07, 2017",1.3167,1.317,1.3179,1.3109,0,-0.04%
"Nov 06, 2017",1.3172,1.3085,1.3177,1.3058,0,0.73%
"Nov 03, 2017",1.3076,1.3059,1.3132,1.3039,0,0.13%
"Nov 02, 2017",1.3059,1.3245,1.33,1.3043,0,-1.41%
"Nov 01, 2017",1.3246,1.3282,1.3321,1.324,0,-0.28%
"Oct 31, 2017",1.3283,1.3207,1.3289,1.319,0,0.57%
"Oct 30, 2017",1.3208,1.3112,1.3216,1.3105,0,0.60%
"Oct 27, 2017",1.3129,1.3161,1.3164,1.307,0,-0.24%
"Oct 26, 2017",1.316,1.3264,1.3281,1.3147,0,-0.78%
"Oct 25, 2017",1.3264,1.3132,1.3272,1.311,0,0.97%
"Oct 24, 2017",1.3136,1.3199,1.3229,1.3112,0,-0.46%
"Oct 23, 2017",1.3197,1.3187,1.3228,1.3156,0,0.05%
"Oct 20, 2017",1.319,1.3159,1.3202,1.3087,0,0.24%
"Oct 19, 2017",1.3159,1.3206,1.323,1.3132,0,-0.35%
"Oct 18, 2017",1.3205,1.3191,1.3212,1.314,0,0.11%
"Oct 17, 2017",1.3191,1.325,1.3289,1.3154,0,-0.45%
"Oct 16, 2017",1.325,1.3309,1.3313,1.3225,0,-0.28%
"Oct 13, 2017",1.3287,1.3262,1.3338,1.3249,0,0.19%
"Oct 12, 2017",1.3262,1.3224,1.3292,1.3121,0,0.29%
"Oct 11, 2017",1.3223,1.3205,1.3236,1.3175,0,0.14%
"Oct 10, 2017",1.3204,1.3141,1.3227,1.3131,0,0.47%
"Oct 09, 2017",1.3142,1.3069,1.3185,1.3056,0,0.58%
"Oct 06, 2017",1.3066,1.3119,1.3127,1.3027,0,-0.40%
"Oct 05, 2017",1.3119,1.3247,1.3251,1.3107,0,-0.95%
"Oct 04, 2017",1.3245,1.3236,1.3293,1.3235,0,0.07%
"Oct 03, 2017",1.3236,1.3276,1.3289,1.3222,0,-0.31%
"Oct 02, 2017",1.3277,1.3389,1.3404,1.3255,0,-0.90%
"Sep 29, 2017",1.3397,1.3441,1.3446,1.3349,0,-0.33%
"Sep 28, 2017",1.3442,1.3386,1.3458,1.3343,0,0.41%
"Sep 27, 2017",1.3387,1.3459,1.3464,1.3364,0,-0.53%
"Sep 26, 2017",1.3458,1.3467,1.3517,1.341,0,-0.07%
"Sep 25, 2017",1.3467,1.3493,1.3572,1.3431,0,-0.19%
"Sep 22, 2017",1.3493,1.3581,1.3597,1.345,0,-0.63%
"Sep 21, 2017",1.3579,1.3493,1.3587,1.347,0,0.63%
"Sep 20, 2017",1.3494,1.351,1.3658,1.3452,0,-0.11%
"Sep 19, 2017",1.3509,1.3495,1.3553,1.3469,0,0.11%
"Sep 18, 2017",1.3494,1.3576,1.362,1.3465,0,-0.73%
"Sep 15, 2017",1.3593,1.3398,1.3617,1.3381,0,1.46%
"Sep 14, 2017",1.3397,1.3211,1.3407,1.3162,0,1.41%
"Sep 13, 2017",1.3211,1.3284,1.333,1.3185,0,-0.55%
"Sep 12, 2017",1.3284,1.3163,1.33,1.316,0,0.92%
"Sep 11, 2017",1.3163,1.3203,1.3223,1.3159,0,-0.27%
"Sep 08, 2017",1.3198,1.31,1.3225,1.3093,0,0.74%
"Sep 07, 2017",1.3101,1.3043,1.3117,1.3032,0,0.44%
"Sep 06, 2017",1.3043,1.3032,1.3084,1.3018,0,0.08%
"Sep 05, 2017",1.3033,1.2927,1.3044,1.2909,0,0.78%
"Sep 04, 2017",1.2932,1.2958,1.2967,1.2911,0,-0.15%
"Sep 01, 2017",1.2951,1.2931,1.2996,1.2904,0,0.15%
"Aug 31, 2017",1.2931,1.2928,1.2935,1.2851,0,0.04%
"Aug 30, 2017",1.2926,1.2918,1.2939,1.2877,0,0.05%
"Aug 29, 2017",1.292,1.2931,1.2979,1.2914,0,-0.10%
"Aug 28, 2017",1.2933,1.2902,1.2948,1.2873,0,0.36%
"Aug 25, 2017",1.2887,1.2799,1.2891,1.2793,0,0.68%
"Aug 24, 2017",1.28,1.2796,1.2837,1.2771,0,0.00%
"Aug 23, 2017",1.28,1.2824,1.2835,1.2779,0,-0.19%
"Aug 22, 2017",1.2824,1.2897,1.291,1.2809,0,-0.60%
"Aug 21, 2017",1.2901,1.287,1.2918,1.2849,0,0.19%
"Aug 18, 2017",1.2876,1.2869,1.292,1.2834,0,0.05%
"Aug 17, 2017",1.2869,1.2894,1.2914,1.2855,0,-0.16%
"Aug 16, 2017",1.289,1.287,1.2905,1.2842,0,0.16%
"Aug 15, 2017",1.287,1.2964,1.2971,1.2845,0,-0.73%
"Aug 14, 2017",1.2965,1.2994,1.3024,1.2957,0,-0.36%
"Aug 11, 2017",1.3012,1.2976,1.3031,1.2938,0,0.29%
"Aug 10, 2017",1.2975,1.3,1.3017,1.2951,0,-0.23%
"Aug 09, 2017",1.3005,1.2989,1.3029,1.2966,0,0.11%
"Aug 08, 2017",1.2991,1.3035,1.3055,1.2952,0,-0.34%
"Aug 07, 2017",1.3035,1.3028,1.3063,1.3014,0,-0.01%
"Aug 04, 2017",1.3036,1.3135,1.3166,1.3022,0,-0.78%
"Aug 03, 2017",1.3139,1.3221,1.3266,1.3112,0,-0.64%
"Aug 02, 2017",1.3223,1.3203,1.3252,1.3189,0,0.15%
"Aug 01, 2017",1.3203,1.3216,1.3249,1.3193,0,-0.08%
"Jul 31, 2017",1.3214,1.3131,1.3225,1.3096,0,0.60%
"Jul 28, 2017",1.3135,1.3067,1.3155,1.306,0,0.52%
"Jul 27, 2017",1.3067,1.3119,1.3157,1.3052,0,-0.41%
"Jul 26, 2017",1.3121,1.3021,1.3125,1.3001,0,0.73%
"Jul 25, 2017",1.3026,1.303,1.3086,1.3007,0,-0.02%
"Jul 24, 2017",1.3029,1.2986,1.3058,1.2986,0,0.26%
"Jul 21, 2017",1.2995,1.2975,1.3023,1.2954,0,0.16%
"Jul 20, 2017",1.2974,1.3024,1.3038,1.2934,0,-0.34%
"Jul 19, 2017",1.3018,1.3037,1.3053,1.3009,0,-0.17%
"Jul 18, 2017",1.304,1.3057,1.3127,1.3004,0,-0.11%
"Jul 17, 2017",1.3055,1.31,1.3113,1.3045,0,-0.31%
"Jul 14, 2017",1.3096,1.2935,1.3115,1.2933,0,1.21%
"Jul 13, 2017",1.2939,1.2887,1.2958,1.2879,0,0.42%
"Jul 12, 2017",1.2885,1.2848,1.2908,1.2811,0,0.28%
"Jul 11, 2017",1.2849,1.2885,1.2932,1.2833,0,-0.23%
"Jul 10, 2017",1.2879,1.2886,1.2912,1.2857,0,-0.10%
"Jul 07, 2017",1.2892,1.2969,1.2977,1.2867,0,-0.61%
"Jul 06, 2017",1.2971,1.2936,1.2984,1.2919,0,0.28%
"Jul 05, 2017",1.2935,1.2917,1.295,1.2892,0,0.12%
"Jul 04, 2017",1.292,1.294,1.2962,1.2913,0,-0.13%
"Jul 03, 2017",1.2937,1.3011,1.3024,1.293,0,-0.69%
"Jun 30, 2017",1.3027,1.3005,1.3032,1.2948,0,0.16%
"Jun 29, 2017",1.3006,1.2923,1.3013,1.2919,0,0.62%
"Jun 28, 2017",1.2926,1.2817,1.2974,1.2792,0,0.86%
"Jun 27, 2017",1.2816,1.2723,1.286,1.2716,0,0.75%
"Jun 26, 2017",1.2721,1.2729,1.276,1.2704,0,0.02%
"Jun 23, 2017",1.2718,1.2681,1.2745,1.2673,0,0.28%
"Jun 22, 2017",1.2682,1.267,1.2692,1.2652,0,0.09%
"Jun 21, 2017",1.2671,1.2631,1.2712,1.2591,0,0.32%
"Jun 20, 2017",1.2631,1.2732,1.2758,1.2603,0,-0.82%
"Jun 19, 2017",1.2736,1.2787,1.2817,1.2724,0,-0.31%
"Jun 16, 2017",1.2776,1.2754,1.2806,1.2748,0,0.16%
"Jun 15, 2017",1.2755,1.275,1.2796,1.2689,0,0.02%
"Jun 14, 2017",1.2752,1.2755,1.2818,1.2722,0,-0.01%
"Jun 13, 2017",1.2753,1.266,1.2759,1.2642,0,0.77%
"Jun 12, 2017",1.2656,1.2731,1.2771,1.2637,0,-0.70%
"Jun 09, 2017",1.2745,1.2958,1.2964,1.2637,0,-1.61%
"Jun 08, 2017",1.2953,1.2961,1.2979,1.2907,0,-0.06%
"Jun 07, 2017",1.2961,1.2912,1.2969,1.2887,0,0.39%
"Jun 06, 2017",1.2911,1.2905,1.2953,1.2874,0,0.06%
"Jun 05, 2017",1.2903,1.285,1.2942,1.2847,0,0.12%
"Jun 02, 2017",1.2887,1.2881,1.2908,1.2849,0,0.05%
"Jun 01, 2017",1.2881,1.2889,1.2916,1.283,0,-0.07%
"May 31, 2017",1.289,1.2859,1.2921,1.2769,0,0.25%
"May 30, 2017",1.2858,1.2837,1.289,1.2792,0,0.13%
"May 29, 2017",1.2841,1.2807,1.2853,1.2791,0,0.29%
"May 26, 2017",1.2804,1.2942,1.2949,1.2773,0,-1.05%
"May 25, 2017",1.294,1.2969,1.3013,1.2929,0,-0.26%
"May 24, 2017",1.2974,1.2961,1.3,1.2925,0,0.09%
"May 23, 2017",1.2962,1.3,1.3036,1.2954,0,-0.29%
"May 22, 2017",1.3,1.3007,1.3044,1.2965,0,-0.27%
"May 19, 2017",1.3035,1.2936,1.304,1.2927,0,0.74%
"May 18, 2017",1.2939,1.2969,1.3051,1.2893,0,-0.26%
"May 17, 2017",1.2973,1.2918,1.2994,1.2907,0,0.43%
"May 16, 2017",1.2917,1.2896,1.2958,1.2866,0,0.19%
"May 15, 2017",1.2893,1.2888,1.294,1.2873,0,0.02%
"May 12, 2017",1.2891,1.2886,1.29,1.2843,0,0.04%
"May 11, 2017",1.2886,1.2942,1.2953,1.2852,0,-0.40%
"May 10, 2017",1.2938,1.2933,1.2989,1.2926,0,0.02%
"May 09, 2017",1.2935,1.2944,1.2961,1.2902,0,-0.04%
"May 08, 2017",1.294,1.2981,1.2992,1.2929,0,-0.32%
"May 05, 2017",1.2981,1.292,1.2985,1.29,0,0.46%
"May 04, 2017",1.2921,1.2864,1.2931,1.283,0,0.42%
"May 03, 2017",1.2867,1.294,1.2953,1.2865,0,-0.55%
"May 02, 2017",1.2938,1.2888,1.2943,1.2865,0,0.40%
"May 01, 2017",1.2886,1.2951,1.2955,1.2879,0,-0.50%
"Apr 28, 2017",1.2951,1.2908,1.297,1.2889,0,0.36%
"Apr 27, 2017",1.2904,1.2846,1.2916,1.2836,0,0.44%
"Apr 26, 2017",1.2847,1.284,1.2864,1.2804,0,0.05%
"Apr 25, 2017",1.2841,1.2795,1.2846,1.2772,0,0.37%
"Apr 24, 2017",1.2794,1.2842,1.2871,1.277,0,-0.15%
"Apr 21, 2017",1.2813,1.2813,1.2835,1.2759,0,0.00%
"Apr 20, 2017",1.2813,1.2782,1.2851,1.2775,0,0.27%
"Apr 19, 2017",1.2779,1.2839,1.2862,1.2768,0,-0.48%
"Apr 18, 2017",1.2841,1.2569,1.2909,1.2518,0,2.20%
"Apr 17, 2017",1.2565,1.2531,1.2599,1.2526,0,0.33%
"Apr 14, 2017",1.2524,1.2503,1.2537,1.25,0,0.14%
"Apr 13, 2017",1.2506,1.2537,1.2575,1.2497,0,-0.27%
"Apr 12, 2017",1.254,1.2491,1.255,1.2479,0,0.39%
"Apr 11, 2017",1.2491,1.2412,1.2497,1.2404,0,0.62%
"Apr 10, 2017",1.2414,1.2384,1.2432,1.2367,0,0.33%
"Apr 07, 2017",1.2373,1.2468,1.2478,1.2363,0,-0.78%
"Apr 06, 2017",1.247,1.2486,1.2508,1.2451,0,-0.10%
"Apr 05, 2017",1.2483,1.244,1.2501,1.2423,0,0.34%
"Apr 04, 2017",1.2441,1.2488,1.2496,1.2418,0,-0.37%
"Apr 03, 2017",1.2487,1.254,1.2556,1.2464,0,-0.50%
"Mar 31, 2017",1.255,1.2472,1.2562,1.2436,0,0.65%
"Mar 30, 2017",1.2469,1.2433,1.2529,1.2405,0,0.28%
"Mar 29, 2017",1.2434,1.2447,1.2476,1.2377,0,-0.13%
"Mar 28, 2017",1.245,1.2559,1.2598,1.2439,0,-0.84%
"Mar 27, 2017",1.2556,1.2487,1.2618,1.2476,0,0.69%
"Mar 24, 2017",1.247,1.2521,1.2524,1.2468,0,-0.41%
"Mar 23, 2017",1.2521,1.2484,1.2532,1.2461,0,0.30%
"Mar 22, 2017",1.2484,1.2477,1.2507,1.2423,0,0.04%
"Mar 21, 2017",1.2479,1.2358,1.2496,1.234,0,0.98%
"Mar 20, 2017",1.2358,1.24,1.2437,1.2335,0,-0.29%
"Mar 17, 2017",1.2394,1.2359,1.2406,1.2323,0,0.28%
"Mar 16, 2017",1.236,1.2289,1.2378,1.2241,0,0.55%
"Mar 15, 2017",1.2292,1.2153,1.2309,1.2139,0,1.14%
"Mar 14, 2017",1.2154,1.2219,1.2228,1.2108,0,-0.53%
"Mar 13, 2017",1.2219,1.2162,1.2252,1.2149,0,0.39%
"Mar 10, 2017",1.2171,1.2168,1.219,1.214,0,0.03%
"Mar 09, 2017",1.2167,1.2166,1.2195,1.2134,0,-0.02%
"Mar 08, 2017",1.217,1.2199,1.2216,1.214,0,-0.25%
"Mar 07, 2017",1.22,1.2235,1.2253,1.2168,0,-0.29%
"Mar 06, 2017",1.2236,1.2294,1.2302,1.2223,0,-0.48%
"Mar 03, 2017",1.2295,1.227,1.2304,1.2217,0,0.23%
"Mar 02, 2017",1.2267,1.2289,1.2308,1.2242,0,-0.23%
"Mar 01, 2017",1.2295,1.2382,1.2406,1.2279,0,-0.69%
"Feb 28, 2017",1.2381,1.2443,1.247,1.2369,0,-0.51%
"Feb 27, 2017",1.2444,1.2467,1.2486,1.2384,0,-0.19%
"Feb 24, 2017",1.2468,1.2554,1.2572,1.2447,0,-0.69%
"Feb 23, 2017",1.2555,1.2443,1.2562,1.2428,0,0.84%
"Feb 22, 2017",1.2451,1.2471,1.2509,1.2423,0,-0.18%
"Feb 21, 2017",1.2473,1.2458,1.2482,1.2398,0,0.10%
"Feb 20, 2017",1.2461,1.241,1.2483,1.2401,0,0.38%
"Feb 17, 2017",1.2414,1.249,1.2513,1.2388,0,-0.61%
"Feb 16, 2017",1.249,1.2462,1.2527,1.2454,0,0.25%
"Feb 15, 2017",1.2459,1.2471,1.2482,1.2381,0,-0.09%
"Feb 14, 2017",1.247,1.2526,1.255,1.2443,0,-0.46%
"Feb 13, 2017",1.2528,1.2474,1.2541,1.247,0,0.30%
"Feb 10, 2017",1.2491,1.2498,1.2524,1.2438,0,-0.04%
"Feb 09, 2017",1.2496,1.2542,1.2585,1.249,0,-0.34%
"Feb 08, 2017",1.2539,1.2508,1.2551,1.2474,0,0.22%
"Feb 07, 2017",1.2511,1.2465,1.2547,1.2346,0,0.33%
"Feb 06, 2017",1.247,1.2491,1.251,1.2424,0,-0.14%
"Feb 03, 2017",1.2488,1.2525,1.2539,1.2458,0,-0.32%
"Feb 02, 2017",1.2528,1.2664,1.2715,1.2522,0,-1.03%
"Feb 01, 2017",1.2658,1.2587,1.2686,1.2549,0,0.63%
"Jan 31, 2017",1.2579,1.2485,1.2598,1.2412,0,0.74%
"Jan 30, 2017",1.2486,1.2552,1.2604,1.2466,0,-0.55%
"Jan 27, 2017",1.2555,1.2599,1.2614,1.2523,0,-0.30%
"Jan 26, 2017",1.2593,1.2638,1.268,1.2562,0,-0.32%
"Jan 25, 2017",1.2634,1.2525,1.2643,1.2492,0,0.90%
"Jan 24, 2017",1.2521,1.2534,1.2546,1.2415,0,-0.11%
"Jan 23, 2017",1.2535,1.2363,1.2546,1.2356,0,1.29%
"Jan 20, 2017",1.2375,1.2342,1.2381,1.226,0,0.27%
"Jan 19, 2017",1.2342,1.2257,1.2343,1.2251,0,0.68%
"Jan 18, 2017",1.2259,1.2414,1.2417,1.2252,0,-1.24%
"Jan 17, 2017",1.2413,1.2044,1.2415,1.2014,0,3.03%
"Jan 16, 2017",1.2048,1.2064,1.209,1.1985,0,-1.08%
"Jan 13, 2017",1.2179,1.2158,1.2234,1.2122,0,0.13%
"Jan 12, 2017",1.2163,1.2208,1.2318,1.215,0,-0.40%
"Jan 11, 2017",1.2212,1.2176,1.227,1.2037,0,0.29%
"Jan 10, 2017",1.2177,1.2162,1.2191,1.2105,0,0.12%
"Jan 09, 2017",1.2162,1.2268,1.2273,1.2124,0,-1.02%
"Jan 06, 2017",1.2287,1.2424,1.2437,1.2264,0,-1.05%
"Jan 05, 2017",1.2418,1.2326,1.2436,1.2272,0,0.78%
"Jan 04, 2017",1.2322,1.2237,1.2356,1.2222,0,0.68%
"Jan 03, 2017",1.2239,1.2274,1.2308,1.22,0,-0.29%
"Jan 02, 2017",1.2275,1.2345,1.2354,1.2268,0,-0.51%
"Dec 30, 2016",1.2338,1.2263,1.2389,1.2245,0,0.61%
"Dec 29, 2016",1.2263,1.2228,1.228,1.2212,0,0.30%
"Dec 28, 2016",1.2226,1.2269,1.2298,1.2199,0,-0.37%
"Dec 27, 2016",1.2271,1.2284,1.229,1.2237,0,-0.14%
"Dec 26, 2016",1.2288,1.2269,1.2314,1.2264,0,-0.03%
"Dec 23, 2016",1.2292,1.2283,1.2301,1.2228,0,0.07%
"Dec 22, 2016",1.2283,1.235,1.2379,1.2274,0,-0.57%
"Dec 21, 2016",1.2354,1.2364,1.2393,1.2323,0,-0.11%
"Dec 20, 2016",1.2367,1.2401,1.2414,1.2313,0,-0.27%
"Dec 19, 2016",1.24,1.2493,1.2504,1.2355,0,-0.78%
"Dec 16, 2016",1.2497,1.2427,1.2519,1.2389,0,0.63%
"Dec 15, 2016",1.2419,1.256,1.2572,1.2376,0,-1.16%
"Dec 14, 2016",1.2565,1.2659,1.2721,1.2529,0,-0.73%
"Dec 13, 2016",1.2658,1.2675,1.2729,1.2651,0,-0.17%
"Dec 12, 2016",1.268,1.2575,1.2704,1.2556,0,0.83%
"Dec 09, 2016",1.2576,1.2589,1.2623,1.255,0,-0.08%
"Dec 08, 2016",1.2586,1.2626,1.2706,1.2547,0,-0.29%
"Dec 07, 2016",1.2622,1.2678,1.2685,1.2569,0,-0.43%
"Dec 06, 2016",1.2677,1.2729,1.2776,1.2655,0,-0.44%
"Dec 05, 2016",1.2733,1.2727,1.2746,1.2625,0,0.03%
"Dec 02, 2016",1.2729,1.2599,1.2747,1.2574,0,1.08%
"Dec 01, 2016",1.2593,1.2506,1.2697,1.25,0,0.70%
"Nov 30, 2016",1.2505,1.249,1.2524,1.2416,0,0.12%
"Nov 29, 2016",1.249,1.2414,1.2527,1.2386,0,0.60%
"Nov 28, 2016",1.2415,1.247,1.2533,1.2385,0,-0.49%
"Nov 25, 2016",1.2476,1.245,1.2491,1.2415,0,0.19%
"Nov 24, 2016",1.2452,1.2442,1.2499,1.2402,0,0.10%
"Nov 23, 2016",1.244,1.2425,1.247,1.2359,0,0.13%
"Nov 22, 2016",1.2424,1.2497,1.2514,1.2383,0,-0.55%
"Nov 21, 2016",1.2493,1.2348,1.2514,1.2311,0,1.19%
"Nov 18, 2016",1.2346,1.2418,1.2438,1.23,0,-0.56%
"Nov 17, 2016",1.2416,1.2443,1.2507,1.2407,0,-0.22%
"Nov 16, 2016",1.2443,1.2456,1.2504,1.241,0,-0.10%
"Nov 15, 2016",1.2456,1.2489,1.2531,1.2382,0,-0.25%
"Nov 14, 2016",1.2487,1.2593,1.2614,1.2441,0,-0.91%
"Nov 11, 2016",1.2602,1.2554,1.2675,1.2524,0,0.37%
"Nov 10, 2016",1.2555,1.2405,1.2585,1.2374,0,1.20%
"Nov 09, 2016",1.2406,1.2373,1.2549,1.2351,0,0.20%
"Nov 08, 2016",1.2381,1.2393,1.2444,1.2362,0,-0.14%
"Nov 07, 2016",1.2398,1.2513,1.2527,1.2379,0,-0.97%
"Nov 04, 2016",1.2519,1.2462,1.2559,1.2448,0,0.46%
"Nov 03, 2016",1.2462,1.2302,1.2496,1.2295,0,1.29%
"Nov 02, 2016",1.2303,1.2243,1.236,1.2224,0,0.49%
"Nov 01, 2016",1.2243,1.2237,1.2282,1.2206,0,-0.01%
"Oct 31, 2016",1.2244,1.2179,1.2251,1.2143,0,0.48%
"Oct 28, 2016",1.2185,1.2164,1.2217,1.2117,0,0.18%
"Oct 27, 2016",1.2163,1.2248,1.2271,1.2148,0,-0.69%
"Oct 26, 2016",1.2248,1.2189,1.2251,1.2154,0,0.49%
"Oct 25, 2016",1.2188,1.2237,1.2245,1.2083,0,-0.42%
"Oct 24, 2016",1.2239,1.2224,1.2253,1.2186,0,0.03%
"Oct 21, 2016",1.2235,1.2254,1.2263,1.2171,0,-0.14%
"Oct 20, 2016",1.2252,1.2285,1.23,1.221,0,-0.28%
"Oct 19, 2016",1.2286,1.2297,1.2334,1.2257,0,-0.09%
"Oct 18, 2016",1.2297,1.2181,1.2327,1.2174,0,0.93%
"Oct 17, 2016",1.2184,1.2188,1.2204,1.2136,0,-0.02%
"Oct 14, 2016",1.2187,1.2259,1.2263,1.2168,0,-0.55%
"Oct 13, 2016",1.2255,1.221,1.2275,1.2134,0,0.38%
"Oct 12, 2016",1.2208,1.2123,1.2328,1.2105,0,0.70%
"Oct 11, 2016",1.2123,1.2367,1.2377,1.2091,0,-1.94%
"Oct 10, 2016",1.2363,1.2435,1.2453,1.2347,0,-0.57%
"Oct 07, 2016",1.2434,1.2616,1.2626,1.1452,0,-1.44%
"Oct 06, 2016",1.2616,1.2746,1.2761,1.2601,0,-1.04%
"Oct 05, 2016",1.2749,1.2728,1.2772,1.2684,0,0.16%
"Oct 04, 2016",1.2728,1.2842,1.2862,1.2717,0,-0.90%
"Oct 03, 2016",1.2843,1.294,1.2948,1.2817,0,-1.02%
"Sep 30, 2016",1.2976,1.2969,1.3023,1.2936,0,0.05%
"Sep 29, 2016",1.297,1.3016,1.306,1.2953,0,-0.38%
"Sep 28, 2016",1.3019,1.3023,1.3033,1.2979,0,-0.02%
"Sep 27, 2016",1.3022,1.2975,1.3027,1.2936,0,0.36%
"Sep 26, 2016",1.2975,1.2952,1.2988,1.2914,0,0.01%
"Sep 23, 2016",1.2974,1.3071,1.309,1.2913,0,-0.80%
"Sep 22, 2016",1.3078,1.3036,1.3125,1.3028,0,0.39%
"Sep 21, 2016",1.3027,1.2989,1.3048,1.2945,0,0.29%
"Sep 20, 2016",1.2989,1.3029,1.3064,1.2946,0,-0.29%
"Sep 19, 2016",1.3027,1.2995,1.3093,1.2992,0,0.20%
"Sep 16, 2016",1.3001,1.3241,1.3255,1.2998,0,-1.79%
"Sep 15, 2016",1.3238,1.3232,1.3279,1.3179,0,0.02%
"Sep 14, 2016",1.3235,1.3191,1.3242,1.3138,0,0.30%
"Sep 13, 2016",1.3195,1.3337,1.3344,1.3167,0,-1.07%
"Sep 12, 2016",1.3338,1.3273,1.3351,1.3239,0,0.54%
"Sep 09, 2016",1.3267,1.3299,1.3341,1.3242,0,-0.22%
"Sep 08, 2016",1.3296,1.3339,1.3377,1.3281,0,-0.31%
"Sep 07, 2016",1.3338,1.3438,1.3441,1.3317,0,-0.75%
"Sep 06, 2016",1.3439,1.3303,1.3447,1.3295,0,1.01%
"Sep 05, 2016",1.3304,1.3299,1.3379,1.3291,0,0.08%
"Sep 02, 2016",1.3293,1.3272,1.3356,1.3255,0,0.19%
"Sep 01, 2016",1.3268,1.3139,1.3318,1.3125,0,0.99%
"Aug 31, 2016",1.3138,1.3077,1.3158,1.3065,0,0.42%
"Aug 30, 2016",1.3083,1.311,1.3121,1.306,0,-0.15%
"Aug 29, 2016",1.3103,1.3133,1.314,1.3057,0,-0.27%
"Aug 26, 2016",1.3139,1.3191,1.3281,1.312,0,-0.39%
"Aug 25, 2016",1.3191,1.3233,1.3264,1.3166,0,-0.32%
"Aug 24, 2016",1.3233,1.3193,1.3274,1.316,0,0.28%
"Aug 23, 2016",1.3196,1.3137,1.3215,1.3131,0,0.43%
"Aug 22, 2016",1.3139,1.306,1.3158,1.3028,0,0.49%
"Aug 19, 2016",1.3075,1.3173,1.3186,1.3021,0,-0.71%
"Aug 18, 2016",1.3168,1.3043,1.3174,1.3033,0,0.97%
"Aug 17, 2016",1.3042,1.3047,1.3089,1.2979,0,-0.02%
"Aug 16, 2016",1.3045,1.2878,1.3052,1.2873,0,1.28%
"Aug 15, 2016",1.288,1.292,1.2945,1.2864,0,-0.33%
"Aug 12, 2016",1.2923,1.296,1.3039,1.2905,0,-0.25%
"Aug 11, 2016",1.2955,1.3006,1.3028,1.2935,0,-0.43%
"Aug 10, 2016",1.3011,1.3005,1.3096,1.299,0,0.07%
"Aug 09, 2016",1.3002,1.304,1.3053,1.2956,0,-0.28%
"Aug 08, 2016",1.3039,1.3056,1.3097,1.3027,0,-0.26%
"Aug 05, 2016",1.3073,1.311,1.3178,1.3023,0,-0.27%
"Aug 04, 2016",1.3108,1.3329,1.3349,1.3103,0,-1.65%
"Aug 03, 2016",1.3328,1.3357,1.3373,1.328,0,-0.22%
"Aug 02, 2016",1.3357,1.3181,1.3366,1.3172,0,1.36%
"Aug 01, 2016",1.3178,1.3234,1.3276,1.3165,0,-0.40%
"Jul 29, 2016",1.3231,1.3169,1.3305,1.315,0,0.50%
"Jul 28, 2016",1.3165,1.322,1.3249,1.3117,0,-0.42%
"Jul 27, 2016",1.3221,1.3132,1.3235,1.3071,0,0.68%
"Jul 26, 2016",1.3132,1.3139,1.3179,1.3059,0,-0.07%
"Jul 25, 2016",1.3141,1.3112,1.3165,1.3094,0,0.23%
"Jul 22, 2016",1.3111,1.3236,1.3294,1.3081,0,-0.93%
"Jul 21, 2016",1.3234,1.3208,1.3276,1.3157,0,0.18%
"Jul 20, 2016",1.321,1.3111,1.3227,1.3063,0,0.76%
"Jul 19, 2016",1.3111,1.3255,1.3276,1.3072,0,-1.09%
"Jul 18, 2016",1.3256,1.3169,1.3313,1.3163,0,0.48%
"Jul 15, 2016",1.3193,1.3342,1.3481,1.3132,0,-1.12%
"Jul 14, 2016",1.3342,1.3146,1.3475,1.3106,0,1.48%
"Jul 13, 2016",1.3147,1.3248,1.3338,1.3132,0,-0.72%
"Jul 12, 2016",1.3243,1.299,1.3296,1.2969,0,1.92%
"Jul 11, 2016",1.2994,1.295,1.3018,1.285,0,0.29%
"Jul 08, 2016",1.2956,1.2909,1.3018,1.2878,0,0.36%
"Jul 07, 2016",1.291,1.2932,1.305,1.2874,0,-0.16%
"Jul 06, 2016",1.2931,1.302,1.303,1.2798,0,-0.71%
"Jul 05, 2016",1.3023,1.3289,1.3296,1.2999,0,-2.01%
"Jul 04, 2016",1.329,1.3247,1.334,1.3228,0,0.21%
"Jul 01, 2016",1.3262,1.3307,1.335,1.3244,0,-0.37%
"Jun 30, 2016",1.3311,1.3433,1.35,1.3207,0,-0.86%
"Jun 29, 2016",1.3426,1.3342,1.3535,1.3285,0,0.63%
"Jun 28, 2016",1.3342,1.3225,1.342,1.3198,0,0.93%
"Jun 27, 2016",1.3219,1.3564,1.3564,1.3119,0,-3.37%
"Jun 24, 2016",1.368,1.4872,1.502,1.3226,0,-8.06%
"Jun 23, 2016",1.4879,1.4706,1.4947,1.47,0,1.16%
"Jun 22, 2016",1.4708,1.4648,1.4777,1.4644,0,0.42%
"Jun 21, 2016",1.4647,1.47,1.4783,1.4614,0,-0.35%
"Jun 20, 2016",1.4699,1.4354,1.4722,1.4354,0,2.37%
"Jun 17, 2016",1.4358,1.4204,1.4388,1.4196,0,1.09%
"Jun 16, 2016",1.4203,1.4204,1.4253,1.4011,0,-0.01%
"Jun 15, 2016",1.4205,1.4116,1.4222,1.4092,0,0.62%
"Jun 14, 2016",1.4117,1.4273,1.4273,1.4091,0,-1.09%
"Jun 13, 2016",1.4272,1.4257,1.4327,1.4113,0,0.10%
"Jun 10, 2016",1.4258,1.446,1.4474,1.4179,0,-1.39%
"Jun 09, 2016",1.4459,1.4501,1.4528,1.4447,0,-0.30%
"Jun 08, 2016",1.4502,1.4541,1.46,1.4497,0,-0.29%
"Jun 07, 2016",1.4544,1.4441,1.4645,1.4435,0,0.71%
"Jun 06, 2016",1.4442,1.4519,1.4526,1.4356,0,-0.54%
"Jun 03, 2016",1.452,1.4419,1.4582,1.4398,0,0.66%
"Jun 02, 2016",1.4425,1.4417,1.4474,1.4405,0,0.06%
"Jun 01, 2016",1.4416,1.4479,1.4508,1.4386,0,-0.43%
"May 31, 2016",1.4478,1.4639,1.4724,1.4462,0,-1.10%
"May 30, 2016",1.4639,1.4624,1.4641,1.4586,0,0.10%
"May 27, 2016",1.4625,1.4671,1.4693,1.4605,0,-0.31%
"May 26, 2016",1.467,1.47,1.4744,1.4644,0,-0.18%
"May 25, 2016",1.4696,1.4636,1.473,1.4601,0,0.41%
"May 24, 2016",1.4636,1.4488,1.4646,1.4474,0,1.04%
"May 23, 2016",1.4485,1.4506,1.455,1.4443,0,-0.11%
"May 20, 2016",1.4501,1.4611,1.4615,1.4482,0,-0.76%
"May 19, 2016",1.4612,1.46,1.4666,1.4564,0,0.11%
"May 18, 2016",1.4596,1.4459,1.4635,1.4401,0,0.91%
"May 17, 2016",1.4464,1.4398,1.4526,1.4393,0,0.44%
"May 16, 2016",1.4401,1.4352,1.4421,1.4335,0,0.27%
"May 13, 2016",1.4362,1.445,1.4458,1.4339,0,-0.61%
"May 12, 2016",1.445,1.445,1.4534,1.4409,0,0.01%
"May 11, 2016",1.4448,1.4438,1.4488,1.4394,0,0.05%
"May 10, 2016",1.4441,1.4407,1.4478,1.4387,0,0.24%
"May 09, 2016",1.4407,1.4429,1.4479,1.4373,0,-0.16%
"May 06, 2016",1.443,1.4484,1.4544,1.4413,0,-0.39%
"May 05, 2016",1.4486,1.4499,1.4533,1.4446,0,-0.04%
"May 04, 2016",1.4492,1.4536,1.4572,1.446,0,-0.29%
"May 03, 2016",1.4534,1.4673,1.477,1.4528,0,-0.95%
"May 02, 2016",1.4673,1.4611,1.4697,1.4578,0,0.41%
"Apr 29, 2016",1.4613,1.4609,1.4671,1.4578,0,0.02%
"Apr 28, 2016",1.461,1.4541,1.4623,1.4523,0,0.46%
"Apr 27, 2016",1.4543,1.4585,1.4624,1.4476,0,-0.27%
"Apr 26, 2016",1.4582,1.4483,1.464,1.4476,0,0.69%
"Apr 25, 2016",1.4482,1.4414,1.4521,1.4402,0,0.55%
"Apr 22, 2016",1.4403,1.4323,1.4451,1.4311,0,0.56%
"Apr 21, 2016",1.4323,1.4333,1.4441,1.43,0,-0.07%
"Apr 20, 2016",1.4333,1.4393,1.4411,1.4327,0,-0.42%
"Apr 19, 2016",1.4393,1.4277,1.442,1.4267,0,0.81%
"Apr 18, 2016",1.4278,1.4225,1.4294,1.4134,0,0.58%
"Apr 15, 2016",1.4195,1.4155,1.4241,1.4131,0,0.29%
"Apr 14, 2016",1.4154,1.4203,1.4212,1.4089,0,-0.34%
"Apr 13, 2016",1.4203,1.4274,1.428,1.4191,0,-0.50%
"Apr 12, 2016",1.4275,1.424,1.4349,1.4196,0,0.24%
"Apr 11, 2016",1.4241,1.4124,1.4286,1.4104,0,0.81%
"Apr 08, 2016",1.4126,1.406,1.4144,1.4042,0,0.49%
"Apr 07, 2016",1.4057,1.412,1.4159,1.4046,0,-0.45%
"Apr 06, 2016",1.4121,1.416,1.4171,1.4005,0,-0.28%
"Apr 05, 2016",1.4161,1.4263,1.4281,1.4122,0,-0.72%
"Apr 04, 2016",1.4263,1.4219,1.4322,1.4189,0,0.26%
"Apr 01, 2016",1.4226,1.4365,1.4379,1.4176,0,-0.95%
"Mar 31, 2016",1.4362,1.438,1.4428,1.4327,0,-0.11%
"Mar 30, 2016",1.4378,1.438,1.446,1.436,0,-0.05%
"Mar 29, 2016",1.4385,1.4257,1.4409,1.4197,0,0.92%
"Mar 28, 2016",1.4254,1.4129,1.4282,1.4118,0,0.78%
"Mar 25, 2016",1.4143,1.4153,1.4159,1.4108,0,-0.08%
"Mar 24, 2016",1.4154,1.4114,1.4184,1.4057,0,0.26%
"Mar 23, 2016",1.4117,1.4207,1.4228,1.4082,0,-0.64%
"Mar 22, 2016",1.4208,1.4368,1.4398,1.419,0,-1.11%
"Mar 21, 2016",1.4367,1.448,1.448,1.4364,0,-0.78%
"Mar 18, 2016",1.448,1.4482,1.4516,1.4411,0,0.01%
"Mar 17, 2016",1.4479,1.4258,1.4503,1.422,0,1.54%
"Mar 16, 2016",1.4259,1.415,1.4274,1.4053,0,0.75%
"Mar 15, 2016",1.4153,1.4301,1.4309,1.4139,0,-1.04%
"Mar 14, 2016",1.4302,1.4384,1.4391,1.4291,0,-0.59%
"Mar 11, 2016",1.4387,1.4281,1.4438,1.4254,0,0.75%
"Mar 10, 2016",1.428,1.422,1.4322,1.4121,0,0.44%
"Mar 09, 2016",1.4217,1.4217,1.4244,1.4177,0,0.01%
"Mar 08, 2016",1.4216,1.4266,1.4276,1.4173,0,-0.34%
"Mar 07, 2016",1.4265,1.4234,1.4284,1.4135,0,0.26%
"Mar 04, 2016",1.4228,1.4179,1.4249,1.4108,0,0.35%
"Mar 03, 2016",1.4179,1.4078,1.4196,1.4032,0,0.72%
"Mar 02, 2016",1.4078,1.3948,1.4094,1.3914,0,0.93%
"Mar 01, 2016",1.3948,1.3918,1.4019,1.3904,0,0.23%
"Feb 29, 2016",1.3916,1.3869,1.3947,1.3834,0,0.33%
"Feb 26, 2016",1.387,1.3962,1.4045,1.3855,0,-0.67%
"Feb 25, 2016",1.3963,1.3924,1.3997,1.3898,0,0.26%
"Feb 24, 2016",1.3927,1.4022,1.4029,1.3877,0,-0.68%
"Feb 23, 2016",1.4022,1.4149,1.4156,1.4005,0,-0.90%
"Feb 22, 2016",1.415,1.431,1.432,1.4058,0,-1.78%
"Feb 19, 2016",1.4406,1.4333,1.4411,1.4248,0,0.48%
"Feb 18, 2016",1.4337,1.4299,1.4398,1.4259,0,0.28%
"Feb 17, 2016",1.4297,1.4303,1.4341,1.4236,0,-0.06%
"Feb 16, 2016",1.4305,1.4438,1.4518,1.4279,0,-0.90%
"Feb 15, 2016",1.4435,1.4501,1.4537,1.4413,0,-0.50%
"Feb 12, 2016",1.4507,1.4479,1.4572,1.4444,0,0.21%
"Feb 11, 2016",1.4477,1.4522,1.4565,1.4384,0,-0.31%
"Feb 10, 2016",1.4522,1.4468,1.4579,1.4448,0,0.34%
"Feb 09, 2016",1.4473,1.443,1.4517,1.4378,0,0.28%
"Feb 08, 2016",1.4432,1.4501,1.4547,1.4352,0,-0.49%
"Feb 05, 2016",1.4503,1.459,1.4594,1.4453,0,-0.59%
"Feb 04, 2016",1.4589,1.4602,1.467,1.4529,0,-0.10%
"Feb 03, 2016",1.4604,1.4414,1.4653,1.4386,0,1.34%
"Feb 02, 2016",1.4411,1.4434,1.4447,1.4326,0,-0.15%
"Feb 01, 2016",1.4433,1.4243,1.4448,1.4228,0,1.31%
"Jan 29, 2016",1.4247,1.4362,1.4415,1.415,0,-0.80%
"Jan 28, 2016",1.4362,1.4236,1.4412,1.4234,0,0.90%
"Jan 27, 2016",1.4234,1.4352,1.4358,1.423,0,-0.82%
"Jan 26, 2016",1.4352,1.4249,1.4368,1.4173,0,0.72%
"Jan 25, 2016",1.4249,1.427,1.4311,1.4223,0,-0.11%
"Jan 22, 2016",1.4265,1.4222,1.4364,1.4204,0,0.33%
"Jan 21, 2016",1.4218,1.4189,1.4249,1.408,0,0.19%
"Jan 20, 2016",1.4191,1.4154,1.422,1.4124,0,0.23%
"Jan 19, 2016",1.4158,1.4242,1.4341,1.4129,0,-0.60%
"Jan 18, 2016",1.4244,1.4262,1.4325,1.4236,0,-0.10%
"Jan 15, 2016",1.4258,1.4416,1.4431,1.4251,0,-1.08%
"Jan 14, 2016",1.4414,1.4404,1.4446,1.4359,0,0.05%
"Jan 13, 2016",1.4407,1.4444,1.4476,1.4379,0,-0.26%
"Jan 12, 2016",1.4444,1.4539,1.456,1.435,0,-0.69%
"Jan 11, 2016",1.4544,1.4526,1.4608,1.4497,0,0.17%
"Jan 08, 2016",1.452,1.4617,1.4646,1.4506,0,-0.66%
"Jan 07, 2016",1.4617,1.463,1.4642,1.4533,0,-0.07%
"Jan 06, 2016",1.4627,1.4675,1.4683,1.4601,0,-0.31%
"Jan 05, 2016",1.4672,1.4712,1.4726,1.4637,0,-0.31%
"Jan 04, 2016",1.4718,1.4748,1.4815,1.4663,0,-0.20%
"Jan 01, 2016",1.4748,1.4739,1.4753,1.4739,0,0.06%
